	id
0	S057
1	S118
2	S127
3	S131
4	S136
5	S153
6	S166
7	S172
8	S173
9	S174
10	S176
11	S182
12	S184
13	S197
14	S198
15	S212
16	S221
17	S223
18	S229
19	S236
20	S247
21	S252
22	S253
23	S254
24	S257
25	S258
26	S259
27	S260
28	S261
29	S266
30	S270
31	S275
32	S277
33	S282
34	S284
35	S287
36	S288
37	S289
38	S290
39	S293
40	S295
41	S299
42	S300
43	S301
44	S303
45	S305
46	S306
47	S307
48	S308
49	S309
50	S310
51	S311
52	S312
53	S313
54	S314
55	S316
56	S317
57	S318
58	S319
59	S320
60	S321
61	S322
62	S323
63	S324
64	S325
65	S326
66	S327
67	S330
68	S331
69	S332
70	S337
71	S338
72	S339
73	S340
74	S341
75	S342
76	S343
77	S344
78	S345
79	S346
80	S347
81	S348
82	S349
83	S350
84	S351
85	S352
86	S353
87	S354
88	S355
89	S356
90	S357
91	S358
92	S359
93	S360
94	S361
95	S362
96	S363
97	S364
98	S365
99	S366
100	S367
101	S368
102	S369
103	S370
104	S371
